csrfmiddlewaretoken,Cuq7rQB3GRkiAIsyMVvs9vIKwf63FtoehIeiPJ0g6AMNzRBTr8L5AtAHSJI5QxFz
csrfmiddlewaretoken,t2QpIm1CUcTitYYXVbdPpVpzZsfgQfz38gEA6fqPkVlNs77iAotsQThwlWRi1jQo
csrfmiddlewaretoken,JghSuvQkFhQDuDYemf3A799nN9Xr3TEUou53Sofx50i8tM7z1sjdy71k9DzteXVf
csrfmiddlewaretoken,wMKKCvKMFy5zZHZy3XRD8vrlTbsvrQsfb0yV0o9Z5hx4YQ8TIa7gztjifF4xCUJA
csrfmiddlewaretoken,JMbQxkosiCVRTXWQOEGgY1LyOwr2wOjXo0Z1VdNFIlnmS65btRWTpZDva034HSAi
na1,kiren
na2,saravanan
email,kiren@gmail.com
password,1234
phone,7894561230
csrfmiddlewaretoken,UV6PrTOzLIdd8iccv4IMVBJ779BvpSnLz9U0PMdMbrFI7rlxahYpmzB4tDdxAWE6
na1,sivu
na2,don
email,u.siva555@gmail.com
password,123456
phone,7894569852
csrfmiddlewaretoken,wMKKCvKMFy5zZHZy3XRD8vrlTbsvrQsfb0yV0o9Z5hx4YQ8TIa7gztjifF4xCUJA
csrfmiddlewaretoken,zrmlr5x9NqszSImw4p661aEMUVGhUlaveFawPYWmd9U4RRvRJCmJs8wJgpij5prQ
csrfmiddlewaretoken,zrmlr5x9NqszSImw4p661aEMUVGhUlaveFawPYWmd9U4RRvRJCmJs8wJgpij5prQ
csrfmiddlewaretoken,zrmlr5x9NqszSImw4p661aEMUVGhUlaveFawPYWmd9U4RRvRJCmJs8wJgpij5prQ
csrfmiddlewaretoken,zrmlr5x9NqszSImw4p661aEMUVGhUlaveFawPYWmd9U4RRvRJCmJs8wJgpij5prQ
csrfmiddlewaretoken,zrmlr5x9NqszSImw4p661aEMUVGhUlaveFawPYWmd9U4RRvRJCmJs8wJgpij5prQ
csrfmiddlewaretoken,I57y3TgGHIpMfkKy36N4gZQXpWhtRPvSnjVJrMFT7rRhetTTIj3HHXIULqTv2TMd
csrfmiddlewaretoken,I57y3TgGHIpMfkKy36N4gZQXpWhtRPvSnjVJrMFT7rRhetTTIj3HHXIULqTv2TMd
csrfmiddlewaretoken,I57y3TgGHIpMfkKy36N4gZQXpWhtRPvSnjVJrMFT7rRhetTTIj3HHXIULqTv2TMd
csrfmiddlewaretoken,I57y3TgGHIpMfkKy36N4gZQXpWhtRPvSnjVJrMFT7rRhetTTIj3HHXIULqTv2TMd
csrfmiddlewaretoken,I57y3TgGHIpMfkKy36N4gZQXpWhtRPvSnjVJrMFT7rRhetTTIj3HHXIULqTv2TMd
csrfmiddlewaretoken,I57y3TgGHIpMfkKy36N4gZQXpWhtRPvSnjVJrMFT7rRhetTTIj3HHXIULqTv2TMd
csrfmiddlewaretoken,I57y3TgGHIpMfkKy36N4gZQXpWhtRPvSnjVJrMFT7rRhetTTIj3HHXIULqTv2TMd
csrfmiddlewaretoken,I57y3TgGHIpMfkKy36N4gZQXpWhtRPvSnjVJrMFT7rRhetTTIj3HHXIULqTv2TMd
csrfmiddlewaretoken,I57y3TgGHIpMfkKy36N4gZQXpWhtRPvSnjVJrMFT7rRhetTTIj3HHXIULqTv2TMd
csrfmiddlewaretoken,I57y3TgGHIpMfkKy36N4gZQXpWhtRPvSnjVJrMFT7rRhetTTIj3HHXIULqTv2TMd
csrfmiddlewaretoken,qUAXg52pFCxTIhenM4GZGQKMN9YiJE7I58o8EYrC5lZoHqnIrhWC7OCJ9DAkUIo3
csrfmiddlewaretoken,qyD1ok52HWoZoDjHudo9i2LXWpZZSjzG5MrcMduf7FQunMs29qEMJ0DUiTB13nQ1
csrfmiddlewaretoken,gta9E24NeodtYVTrXk2Dwrr4bbsFBlvaVHYk2Vt0E7FYX42MCxigXpj1xF4HMpMv
csrfmiddlewaretoken,FOlWxIFldw6cOFy6G0wAvq272QMf4vUxk297VB4yDfyHNOHrldMdWoU4okohfzbS
csrfmiddlewaretoken,2ai9Xry7A4oTxsyXumKYzDrkjItri769Ho6klkXk0NQowBHi9z0B0BjhFc5ttbnu
csrfmiddlewaretoken,BSUDLTGlgxanOLXMPxT7SdVD0hobTztRg6IO9M5yGgCSNU67uK9KjbNAmL0d4DKc
csrfmiddlewaretoken,BSUDLTGlgxanOLXMPxT7SdVD0hobTztRg6IO9M5yGgCSNU67uK9KjbNAmL0d4DKc
csrfmiddlewaretoken,BSUDLTGlgxanOLXMPxT7SdVD0hobTztRg6IO9M5yGgCSNU67uK9KjbNAmL0d4DKc
csrfmiddlewaretoken,BSUDLTGlgxanOLXMPxT7SdVD0hobTztRg6IO9M5yGgCSNU67uK9KjbNAmL0d4DKc
csrfmiddlewaretoken,u4wCqEqf2i0nxo9QH2rGFdei3kWlbq8g9ikNOxPss1sSwxibmfHj6b6fpOynmupB
